,mean_fit_time,std_fit_time,mean_score_time,std_score_time,param_tfidf__sublinear_tf,param_tfidf__ngram_range,param_tfidf__min_df,param_tfidf__max_df,param_clf__n_estimators,param_clf__min_samples_split,param_clf__min_samples_leaf,param_clf__max_features,param_clf__max_depth,param_clf__criterion,param_clf,params,split0_test_score,split1_test_score,split2_test_score,split3_test_score,split4_test_score,mean_test_score,std_test_score,rank_test_score
0,15.706584787368774,0.107240145389763,2.504968357086182,0.03494553916592343,True,"(1, 3)",10,0.8,800,0.30000000000000004,0.5,1,28,entropy,RandomForestClassifier(),"{'tfidf__sublinear_tf': True, 'tfidf__ngram_range': (1, 3), 'tfidf__min_df': 10, 'tfidf__max_df': 0.8, 'clf__n_estimators': 800, 'clf__min_samples_split': 0.30000000000000004, 'clf__min_samples_leaf': 0.5, 'clf__max_features': 1, 'clf__max_depth': 28, 'clf__criterion': 'entropy', 'clf': RandomForestClassifier()}",-5.988001845869866,-5.984310106137517,-5.98522622345337,-5.984764542936288,-5.986611265004616,-5.985782796680332,0.0013509974795713842,1
1,5.913688611984253,0.09483504267404241,1.5153666019439698,0.015670042395553353,True,"(1, 2)",5,0.6,300,0.7000000000000001,0.30000000000000004,6,9,entropy,RandomForestClassifier(),"{'tfidf__sublinear_tf': True, 'tfidf__ngram_range': (1, 2), 'tfidf__min_df': 5, 'tfidf__max_df': 0.6, 'clf__n_estimators': 300, 'clf__min_samples_split': 0.7000000000000001, 'clf__min_samples_leaf': 0.30000000000000004, 'clf__max_features': 6, 'clf__max_depth': 9, 'clf__criterion': 'entropy', 'clf': RandomForestClassifier()}",-5.988001845869866,-5.984310106137517,-5.98522622345337,-5.984764542936288,-5.986611265004616,-5.985782796680332,0.0013509974795713842,1
2,6.278703498840332,0.030371329684011048,1.2887418746948243,0.02835578678973572,True,"(1, 2)",50,0.5,600,0.8,0.30000000000000004,5,26,entropy,RandomForestClassifier(),"{'tfidf__sublinear_tf': True, 'tfidf__ngram_range': (1, 2), 'tfidf__min_df': 50, 'tfidf__max_df': 0.5, 'clf__n_estimators': 600, 'clf__min_samples_split': 0.8, 'clf__min_samples_leaf': 0.30000000000000004, 'clf__max_features': 5, 'clf__max_depth': 26, 'clf__criterion': 'entropy', 'clf': RandomForestClassifier()}",-5.988001845869866,-5.984310106137517,-5.98522622345337,-5.984764542936288,-5.986611265004616,-5.985782796680332,0.0013509974795713842,1
3,13.041568660736084,0.11947847709094407,2.288583183288574,0.01075008597884931,True,"(1, 3)",10,0.7,600,0.6,0.1,3,3,entropy,RandomForestClassifier(),"{'tfidf__sublinear_tf': True, 'tfidf__ngram_range': (1, 3), 'tfidf__min_df': 10, 'tfidf__max_df': 0.7, 'clf__n_estimators': 600, 'clf__min_samples_split': 0.6, 'clf__min_samples_leaf': 0.1, 'clf__max_features': 3, 'clf__max_depth': 3, 'clf__criterion': 'entropy', 'clf': RandomForestClassifier()}",-5.988001845869866,-5.984310106137517,-5.98522622345337,-5.984764542936288,-5.986611265004616,-5.985782796680332,0.0013509974795713842,1
4,13.079422426223754,0.0771257859106932,1.6066580295562745,0.023371268272290923,True,"(1, 3)",50,0.7,400,0.7000000000000001,0.2,5,31,gini,RandomForestClassifier(),"{'tfidf__sublinear_tf': True, 'tfidf__ngram_range': (1, 3), 'tfidf__min_df': 50, 'tfidf__max_df': 0.7, 'clf__n_estimators': 400, 'clf__min_samples_split': 0.7000000000000001, 'clf__min_samples_leaf': 0.2, 'clf__max_features': 5, 'clf__max_depth': 31, 'clf__criterion': 'gini', 'clf': RandomForestClassifier()}",-5.988001845869866,-5.984310106137517,-5.98522622345337,-5.984764542936288,-5.986611265004616,-5.985782796680332,0.0013509974795713842,1
5,13.513327026367188,0.10505736558088619,2.1076632022857664,0.04272524587319956,True,"(1, 3)",25,0.6,600,0.2,0.30000000000000004,5,18,log_loss,RandomForestClassifier(),"{'tfidf__sublinear_tf': True, 'tfidf__ngram_range': (1, 3), 'tfidf__min_df': 25, 'tfidf__max_df': 0.6, 'clf__n_estimators': 600, 'clf__min_samples_split': 0.2, 'clf__min_samples_leaf': 0.30000000000000004, 'clf__max_features': 5, 'clf__max_depth': 18, 'clf__criterion': 'log_loss', 'clf': RandomForestClassifier()}",-5.988001845869866,-5.984310106137517,-5.98522622345337,-5.984764542936288,-5.986611265004616,-5.985782796680332,0.0013509974795713842,1
6,13.766198968887329,0.16326204106889786,1.7454041481018066,0.02384391624654094,True,"(1, 3)",100,0.6,1000,0.5,0.2,3,23,gini,RandomForestClassifier(),"{'tfidf__sublinear_tf': True, 'tfidf__ngram_range': (1, 3), 'tfidf__min_df': 100, 'tfidf__max_df': 0.6, 'clf__n_estimators': 1000, 'clf__min_samples_split': 0.5, 'clf__min_samples_leaf': 0.2, 'clf__max_features': 3, 'clf__max_depth': 23, 'clf__criterion': 'gini', 'clf': RandomForestClassifier()}",-5.988001845869866,-5.984310106137517,-5.98522622345337,-5.984764542936288,-5.986611265004616,-5.985782796680332,0.0013509974795713842,1
7,15.629832887649536,0.13892318894092479,2.9845048904418947,0.014150293610851591,True,"(1, 3)",10,0.9,900,0.7000000000000001,0.5,2,16,entropy,RandomForestClassifier(),"{'tfidf__sublinear_tf': True, 'tfidf__ngram_range': (1, 3), 'tfidf__min_df': 10, 'tfidf__max_df': 0.9, 'clf__n_estimators': 900, 'clf__min_samples_split': 0.7000000000000001, 'clf__min_samples_leaf': 0.5, 'clf__max_features': 2, 'clf__max_depth': 16, 'clf__criterion': 'entropy', 'clf': RandomForestClassifier()}",-5.988001845869866,-5.984310106137517,-5.98522622345337,-5.984764542936288,-5.986611265004616,-5.985782796680332,0.0013509974795713842,1
8,15.331258153915405,0.15538324412955107,2.7096211910247803,0.08895371377772546,True,"(1, 3)",10,0.9,700,0.8,0.2,1,26,log_loss,RandomForestClassifier(),"{'tfidf__sublinear_tf': True, 'tfidf__ngram_range': (1, 3), 'tfidf__min_df': 10, 'tfidf__max_df': 0.9, 'clf__n_estimators': 700, 'clf__min_samples_split': 0.8, 'clf__min_samples_leaf': 0.2, 'clf__max_features': 1, 'clf__max_depth': 26, 'clf__criterion': 'log_loss', 'clf': RandomForestClassifier()}",-5.988001845869866,-5.984310106137517,-5.98522622345337,-5.984764542936288,-5.986611265004616,-5.985782796680332,0.0013509974795713842,1
9,17.637706422805785,0.1171578522471094,2.2348812103271483,0.043948646662106204,True,"(1, 3)",50,0.6,800,0.9,0.2,3,13,gini,RandomForestClassifier(),"{'tfidf__sublinear_tf': True, 'tfidf__ngram_range': (1, 3), 'tfidf__min_df': 50, 'tfidf__max_df': 0.6, 'clf__n_estimators': 800, 'clf__min_samples_split': 0.9, 'clf__min_samples_leaf': 0.2, 'clf__max_features': 3, 'clf__max_depth': 13, 'clf__criterion': 'gini', 'clf': RandomForestClassifier()}",-5.988001845869866,-5.984310106137517,-5.98522622345337,-5.984764542936288,-5.986611265004616,-5.985782796680332,0.0013509974795713842,1
10,7.081491231918335,0.08814628083413509,1.295497179031372,0.0025349575592127165,True,"(1, 2)",25,0.7,50,1.0,0.5,2,27,entropy,RandomForestClassifier(),"{'tfidf__sublinear_tf': True, 'tfidf__ngram_range': (1, 2), 'tfidf__min_df': 25, 'tfidf__max_df': 0.7, 'clf__n_estimators': 50, 'clf__min_samples_split': 1.0, 'clf__min_samples_leaf': 0.5, 'clf__max_features': 2, 'clf__max_depth': 27, 'clf__criterion': 'entropy', 'clf': RandomForestClassifier()}",-5.988001845869866,-5.984310106137517,-5.98522622345337,-5.984764542936288,-5.986611265004616,-5.985782796680332,0.0013509974795713842,1
11,16.30018320083618,0.11277916663052039,1.844938373565674,0.04509645089533867,True,"(1, 3)",100,0.8,400,0.8,0.2,2,10,entropy,RandomForestClassifier(),"{'tfidf__sublinear_tf': True, 'tfidf__ngram_range': (1, 3), 'tfidf__min_df': 100, 'tfidf__max_df': 0.8, 'clf__n_estimators': 400, 'clf__min_samples_split': 0.8, 'clf__min_samples_leaf': 0.2, 'clf__max_features': 2, 'clf__max_depth': 10, 'clf__criterion': 'entropy', 'clf': RandomForestClassifier()}",-5.988001845869866,-5.984310106137517,-5.98522622345337,-5.984764542936288,-5.986611265004616,-5.985782796680332,0.0013509974795713842,1
12,8.547590065002442,0.08708438531712437,2.790565013885498,0.06870468770740185,True,"(1, 2)",5,0.5,700,0.6,0.2,6,8,entropy,RandomForestClassifier(),"{'tfidf__sublinear_tf': True, 'tfidf__ngram_range': (1, 2), 'tfidf__min_df': 5, 'tfidf__max_df': 0.5, 'clf__n_estimators': 700, 'clf__min_samples_split': 0.6, 'clf__min_samples_leaf': 0.2, 'clf__max_features': 6, 'clf__max_depth': 8, 'clf__criterion': 'entropy', 'clf': RandomForestClassifier()}",-5.988001845869866,-5.984310106137517,-5.98522622345337,-5.984764542936288,-5.986611265004616,-5.985782796680332,0.0013509974795713842,1
13,7.462589073181152,0.09507150196860327,1.1677207469940185,0.028107517409714105,True,"(1, 2)",100,0.8,50,0.8,0.1,3,15,gini,RandomForestClassifier(),"{'tfidf__sublinear_tf': True, 'tfidf__ngram_range': (1, 2), 'tfidf__min_df': 100, 'tfidf__max_df': 0.8, 'clf__n_estimators': 50, 'clf__min_samples_split': 0.8, 'clf__min_samples_leaf': 0.1, 'clf__max_features': 3, 'clf__max_depth': 15, 'clf__criterion': 'gini', 'clf': RandomForestClassifier()}",-5.988001845869866,-5.984310106137517,-5.98522622345337,-5.984764542936288,-5.986611265004616,-5.985782796680332,0.0013509974795713842,1
14,16.39883041381836,0.06921346075664238,1.7667160034179688,0.05555328604841681,True,"(1, 3)",50,0.7,100,0.5,0.2,3,7,log_loss,RandomForestClassifier(),"{'tfidf__sublinear_tf': True, 'tfidf__ngram_range': (1, 3), 'tfidf__min_df': 50, 'tfidf__max_df': 0.7, 'clf__n_estimators': 100, 'clf__min_samples_split': 0.5, 'clf__min_samples_leaf': 0.2, 'clf__max_features': 3, 'clf__max_depth': 7, 'clf__criterion': 'log_loss', 'clf': RandomForestClassifier()}",-5.988001845869866,-5.984310106137517,-5.98522622345337,-5.984764542936288,-5.986611265004616,-5.985782796680332,0.0013509974795713842,1
15,19.788027429580687,0.5198990892564661,2.5578073024749757,0.5067851406049868,True,"(1, 3)",10,0.8,300,0.7000000000000001,0.4,3,21,log_loss,RandomForestClassifier(),"{'tfidf__sublinear_tf': True, 'tfidf__ngram_range': (1, 3), 'tfidf__min_df': 10, 'tfidf__max_df': 0.8, 'clf__n_estimators': 300, 'clf__min_samples_split': 0.7000000000000001, 'clf__min_samples_leaf': 0.4, 'clf__max_features': 3, 'clf__max_depth': 21, 'clf__criterion': 'log_loss', 'clf': RandomForestClassifier()}",-5.988001845869866,-5.984310106137517,-5.98522622345337,-5.984764542936288,-5.986611265004616,-5.985782796680332,0.0013509974795713842,1
16,7.237919616699219,0.17081314187439678,1.5575321197509766,0.03235855911838582,True,"(1, 2)",25,0.5,300,0.5,0.4,4,2,gini,RandomForestClassifier(),"{'tfidf__sublinear_tf': True, 'tfidf__ngram_range': (1, 2), 'tfidf__min_df': 25, 'tfidf__max_df': 0.5, 'clf__n_estimators': 300, 'clf__min_samples_split': 0.5, 'clf__min_samples_leaf': 0.4, 'clf__max_features': 4, 'clf__max_depth': 2, 'clf__criterion': 'gini', 'clf': RandomForestClassifier()}",-5.988001845869866,-5.984310106137517,-5.98522622345337,-5.984764542936288,-5.986611265004616,-5.985782796680332,0.0013509974795713842,1
17,17.91143145561218,0.2472997155018967,2.021250772476196,0.08956969437247225,True,"(1, 3)",100,0.5,100,0.6,0.30000000000000004,1,4,entropy,RandomForestClassifier(),"{'tfidf__sublinear_tf': True, 'tfidf__ngram_range': (1, 3), 'tfidf__min_df': 100, 'tfidf__max_df': 0.5, 'clf__n_estimators': 100, 'clf__min_samples_split': 0.6, 'clf__min_samples_leaf': 0.30000000000000004, 'clf__max_features': 1, 'clf__max_depth': 4, 'clf__criterion': 'entropy', 'clf': RandomForestClassifier()}",-5.988001845869866,-5.984310106137517,-5.98522622345337,-5.984764542936288,-5.986611265004616,-5.985782796680332,0.0013509974795713842,1
18,20.091171550750733,0.31986857812768654,2.137689161300659,0.04446448659939966,True,"(1, 3)",50,0.8,900,0.5,0.2,3,4,gini,RandomForestClassifier(),"{'tfidf__sublinear_tf': True, 'tfidf__ngram_range': (1, 3), 'tfidf__min_df': 50, 'tfidf__max_df': 0.8, 'clf__n_estimators': 900, 'clf__min_samples_split': 0.5, 'clf__min_samples_leaf': 0.2, 'clf__max_features': 3, 'clf__max_depth': 4, 'clf__criterion': 'gini', 'clf': RandomForestClassifier()}",-5.988001845869866,-5.984310106137517,-5.98522622345337,-5.984764542936288,-5.986611265004616,-5.985782796680332,0.0013509974795713842,1
19,8.274829244613647,0.24423322178818413,3.2210951328277586,0.10417399518833287,True,"(1, 2)",5,0.6,700,0.7000000000000001,0.5,1,11,entropy,RandomForestClassifier(),"{'tfidf__sublinear_tf': True, 'tfidf__ngram_range': (1, 2), 'tfidf__min_df': 5, 'tfidf__max_df': 0.6, 'clf__n_estimators': 700, 'clf__min_samples_split': 0.7000000000000001, 'clf__min_samples_leaf': 0.5, 'clf__max_features': 1, 'clf__max_depth': 11, 'clf__criterion': 'entropy', 'clf': RandomForestClassifier()}",-5.988001845869866,-5.984310106137517,-5.98522622345337,-5.984764542936288,-5.986611265004616,-5.985782796680332,0.0013509974795713842,1
20,16.755194997787477,0.4286119998937398,2.5372182369232177,0.03941552623327705,True,"(1, 3)",25,0.5,800,0.6,0.30000000000000004,6,16,gini,RandomForestClassifier(),"{'tfidf__sublinear_tf': True, 'tfidf__ngram_range': (1, 3), 'tfidf__min_df': 25, 'tfidf__max_df': 0.5, 'clf__n_estimators': 800, 'clf__min_samples_split': 0.6, 'clf__min_samples_leaf': 0.30000000000000004, 'clf__max_features': 6, 'clf__max_depth': 16, 'clf__criterion': 'gini', 'clf': RandomForestClassifier()}",-5.988001845869866,-5.984310106137517,-5.98522622345337,-5.984764542936288,-5.986611265004616,-5.985782796680332,0.0013509974795713842,1
21,7.915833044052124,0.06097473198094646,2.378908061981201,0.06817391107246823,True,"(1, 2)",25,0.7,1000,0.5,0.4,5,6,entropy,RandomForestClassifier(),"{'tfidf__sublinear_tf': True, 'tfidf__ngram_range': (1, 2), 'tfidf__min_df': 25, 'tfidf__max_df': 0.7, 'clf__n_estimators': 1000, 'clf__min_samples_split': 0.5, 'clf__min_samples_leaf': 0.4, 'clf__max_features': 5, 'clf__max_depth': 6, 'clf__criterion': 'entropy', 'clf': RandomForestClassifier()}",-5.988001845869866,-5.984310106137517,-5.98522622345337,-5.984764542936288,-5.986611265004616,-5.985782796680332,0.0013509974795713842,1
22,16.078971481323244,0.06324444387172336,1.8104087352752685,0.06658259123589044,True,"(1, 3)",25,0.8,100,0.6,0.1,1,13,gini,RandomForestClassifier(),"{'tfidf__sublinear_tf': True, 'tfidf__ngram_range': (1, 3), 'tfidf__min_df': 25, 'tfidf__max_df': 0.8, 'clf__n_estimators': 100, 'clf__min_samples_split': 0.6, 'clf__min_samples_leaf': 0.1, 'clf__max_features': 1, 'clf__max_depth': 13, 'clf__criterion': 'gini', 'clf': RandomForestClassifier()}",-5.988001845869866,-5.984310106137517,-5.98522622345337,-5.984764542936288,-5.986611265004616,-5.985782796680332,0.0013509974795713842,1
23,7.9024029731750485,0.07238434143739576,1.5008979797363282,0.021381141262183916,True,"(1, 2)",50,0.9,600,1.0,0.4,1,16,log_loss,RandomForestClassifier(),"{'tfidf__sublinear_tf': True, 'tfidf__ngram_range': (1, 2), 'tfidf__min_df': 50, 'tfidf__max_df': 0.9, 'clf__n_estimators': 600, 'clf__min_samples_split': 1.0, 'clf__min_samples_leaf': 0.4, 'clf__max_features': 1, 'clf__max_depth': 16, 'clf__criterion': 'log_loss', 'clf': RandomForestClassifier()}",-5.988001845869866,-5.984310106137517,-5.98522622345337,-5.984764542936288,-5.986611265004616,-5.985782796680332,0.0013509974795713842,1
24,8.091794729232788,0.12042084290374003,2.7913906574249268,0.024443545131504336,True,"(1, 2)",10,0.9,1000,0.2,0.30000000000000004,5,28,gini,RandomForestClassifier(),"{'tfidf__sublinear_tf': True, 'tfidf__ngram_range': (1, 2), 'tfidf__min_df': 10, 'tfidf__max_df': 0.9, 'clf__n_estimators': 1000, 'clf__min_samples_split': 0.2, 'clf__min_samples_leaf': 0.30000000000000004, 'clf__max_features': 5, 'clf__max_depth': 28, 'clf__criterion': 'gini', 'clf': RandomForestClassifier()}",-5.988001845869866,-5.984310106137517,-5.98522622345337,-5.984764542936288,-5.986611265004616,-5.985782796680332,0.0013509974795713842,1
25,7.7422247409820555,0.12508071527578216,2.3961965560913088,0.025715372575352932,True,"(1, 2)",5,0.8,600,0.30000000000000004,0.4,4,23,gini,RandomForestClassifier(),"{'tfidf__sublinear_tf': True, 'tfidf__ngram_range': (1, 2), 'tfidf__min_df': 5, 'tfidf__max_df': 0.8, 'clf__n_estimators': 600, 'clf__min_samples_split': 0.30000000000000004, 'clf__min_samples_leaf': 0.4, 'clf__max_features': 4, 'clf__max_depth': 23, 'clf__criterion': 'gini', 'clf': RandomForestClassifier()}",-5.988001845869866,-5.984310106137517,-5.98522622345337,-5.984764542936288,-5.986611265004616,-5.985782796680332,0.0013509974795713842,1
26,14.868780994415284,0.24165874938658077,1.9952656269073485,0.014923933310456253,True,"(1, 3)",50,0.9,700,0.9,0.5,2,23,log_loss,RandomForestClassifier(),"{'tfidf__sublinear_tf': True, 'tfidf__ngram_range': (1, 3), 'tfidf__min_df': 50, 'tfidf__max_df': 0.9, 'clf__n_estimators': 700, 'clf__min_samples_split': 0.9, 'clf__min_samples_leaf': 0.5, 'clf__max_features': 2, 'clf__max_depth': 23, 'clf__criterion': 'log_loss', 'clf': RandomForestClassifier()}",-5.988001845869866,-5.984310106137517,-5.98522622345337,-5.984764542936288,-5.986611265004616,-5.985782796680332,0.0013509974795713842,1
27,16.28811421394348,0.08022051084845316,1.972039556503296,0.030486911397894056,True,"(1, 3)",100,0.8,900,0.6,0.2,2,25,log_loss,RandomForestClassifier(),"{'tfidf__sublinear_tf': True, 'tfidf__ngram_range': (1, 3), 'tfidf__min_df': 100, 'tfidf__max_df': 0.8, 'clf__n_estimators': 900, 'clf__min_samples_split': 0.6, 'clf__min_samples_leaf': 0.2, 'clf__max_features': 2, 'clf__max_depth': 25, 'clf__criterion': 'log_loss', 'clf': RandomForestClassifier()}",-5.988001845869866,-5.984310106137517,-5.98522622345337,-5.984764542936288,-5.986611265004616,-5.985782796680332,0.0013509974795713842,1
28,18.253909397125245,0.10876622836244727,4.030492544174194,0.013607172350111307,True,"(1, 3)",5,0.7,900,0.8,0.2,2,4,entropy,RandomForestClassifier(),"{'tfidf__sublinear_tf': True, 'tfidf__ngram_range': (1, 3), 'tfidf__min_df': 5, 'tfidf__max_df': 0.7, 'clf__n_estimators': 900, 'clf__min_samples_split': 0.8, 'clf__min_samples_leaf': 0.2, 'clf__max_features': 2, 'clf__max_depth': 4, 'clf__criterion': 'entropy', 'clf': RandomForestClassifier()}",-5.988001845869866,-5.984310106137517,-5.98522622345337,-5.984764542936288,-5.986611265004616,-5.985782796680332,0.0013509974795713842,1
29,7.512120771408081,0.11620244807922908,1.698902416229248,0.03232173538601084,True,"(1, 2)",25,0.9,400,0.6,0.5,6,8,entropy,RandomForestClassifier(),"{'tfidf__sublinear_tf': True, 'tfidf__ngram_range': (1, 2), 'tfidf__min_df': 25, 'tfidf__max_df': 0.9, 'clf__n_estimators': 400, 'clf__min_samples_split': 0.6, 'clf__min_samples_leaf': 0.5, 'clf__max_features': 6, 'clf__max_depth': 8, 'clf__criterion': 'entropy', 'clf': RandomForestClassifier()}",-5.988001845869866,-5.984310106137517,-5.98522622345337,-5.984764542936288,-5.986611265004616,-5.985782796680332,0.0013509974795713842,1
30,15.791437816619872,0.18982621998045004,2.3177241325378417,0.051024101107177824,True,"(1, 3)",10,0.7,400,1.0,0.30000000000000004,6,24,log_loss,RandomForestClassifier(),"{'tfidf__sublinear_tf': True, 'tfidf__ngram_range': (1, 3), 'tfidf__min_df': 10, 'tfidf__max_df': 0.7, 'clf__n_estimators': 400, 'clf__min_samples_split': 1.0, 'clf__min_samples_leaf': 0.30000000000000004, 'clf__max_features': 6, 'clf__max_depth': 24, 'clf__criterion': 'log_loss', 'clf': RandomForestClassifier()}",-5.988001845869866,-5.984310106137517,-5.98522622345337,-5.984764542936288,-5.986611265004616,-5.985782796680332,0.0013509974795713842,1
31,16.798414087295534,0.08495573569337282,2.278997564315796,0.019311750060861766,True,"(1, 3)",25,0.9,400,0.9,0.2,1,32,entropy,RandomForestClassifier(),"{'tfidf__sublinear_tf': True, 'tfidf__ngram_range': (1, 3), 'tfidf__min_df': 25, 'tfidf__max_df': 0.9, 'clf__n_estimators': 400, 'clf__min_samples_split': 0.9, 'clf__min_samples_leaf': 0.2, 'clf__max_features': 1, 'clf__max_depth': 32, 'clf__criterion': 'entropy', 'clf': RandomForestClassifier()}",-5.988001845869866,-5.984310106137517,-5.98522622345337,-5.984764542936288,-5.986611265004616,-5.985782796680332,0.0013509974795713842,1
32,16.689786386489867,0.07731186593214419,2.44827880859375,0.05349163508018211,True,"(1, 3)",5,0.7,300,0.1,0.1,1,29,entropy,RandomForestClassifier(),"{'tfidf__sublinear_tf': True, 'tfidf__ngram_range': (1, 3), 'tfidf__min_df': 5, 'tfidf__max_df': 0.7, 'clf__n_estimators': 300, 'clf__min_samples_split': 0.1, 'clf__min_samples_leaf': 0.1, 'clf__max_features': 1, 'clf__max_depth': 29, 'clf__criterion': 'entropy', 'clf': RandomForestClassifier()}",-5.988001845869866,-5.984310106137517,-5.98522622345337,-5.984764542936288,-5.986611265004616,-5.985782796680332,0.0013509974795713842,1
33,16.567285108566285,0.1343343051301514,1.914945363998413,0.031673522187731354,True,"(1, 3)",50,0.5,50,0.30000000000000004,0.2,3,32,gini,RandomForestClassifier(),"{'tfidf__sublinear_tf': True, 'tfidf__ngram_range': (1, 3), 'tfidf__min_df': 50, 'tfidf__max_df': 0.5, 'clf__n_estimators': 50, 'clf__min_samples_split': 0.30000000000000004, 'clf__min_samples_leaf': 0.2, 'clf__max_features': 3, 'clf__max_depth': 32, 'clf__criterion': 'gini', 'clf': RandomForestClassifier()}",-5.988001845869866,-5.984310106137517,-5.98522622345337,-5.984764542936288,-5.986611265004616,-5.985782796680332,0.0013509974795713842,1
34,8.625065469741822,0.09451374913538053,1.4389896392822266,0.018966412703678933,True,"(1, 2)",100,0.9,600,0.5,0.30000000000000004,4,30,gini,RandomForestClassifier(),"{'tfidf__sublinear_tf': True, 'tfidf__ngram_range': (1, 2), 'tfidf__min_df': 100, 'tfidf__max_df': 0.9, 'clf__n_estimators': 600, 'clf__min_samples_split': 0.5, 'clf__min_samples_leaf': 0.30000000000000004, 'clf__max_features': 4, 'clf__max_depth': 30, 'clf__criterion': 'gini', 'clf': RandomForestClassifier()}",-5.988001845869866,-5.984310106137517,-5.98522622345337,-5.984764542936288,-5.986611265004616,-5.985782796680332,0.0013509974795713842,1
35,16.72615976333618,0.1110765451818634,2.6175238609313967,0.02691448882188997,True,"(1, 3)",10,0.9,400,0.30000000000000004,0.2,5,32,log_loss,RandomForestClassifier(),"{'tfidf__sublinear_tf': True, 'tfidf__ngram_range': (1, 3), 'tfidf__min_df': 10, 'tfidf__max_df': 0.9, 'clf__n_estimators': 400, 'clf__min_samples_split': 0.30000000000000004, 'clf__min_samples_leaf': 0.2, 'clf__max_features': 5, 'clf__max_depth': 32, 'clf__criterion': 'log_loss', 'clf': RandomForestClassifier()}",-5.988001845869866,-5.984310106137517,-5.98522622345337,-5.984764542936288,-5.986611265004616,-5.985782796680332,0.0013509974795713842,1
36,8.61225790977478,0.13739006844508453,1.5685933113098145,0.035819800441993066,True,"(1, 2)",100,0.6,900,1.0,0.2,3,22,entropy,RandomForestClassifier(),"{'tfidf__sublinear_tf': True, 'tfidf__ngram_range': (1, 2), 'tfidf__min_df': 100, 'tfidf__max_df': 0.6, 'clf__n_estimators': 900, 'clf__min_samples_split': 1.0, 'clf__min_samples_leaf': 0.2, 'clf__max_features': 3, 'clf__max_depth': 22, 'clf__criterion': 'entropy', 'clf': RandomForestClassifier()}",-5.988001845869866,-5.984310106137517,-5.98522622345337,-5.984764542936288,-5.986611265004616,-5.985782796680332,0.0013509974795713842,1
37,7.698983240127563,0.0624504894457107,1.48315372467041,0.01990938574174876,True,"(1, 2)",5,0.7,50,0.7000000000000001,0.5,5,18,entropy,RandomForestClassifier(),"{'tfidf__sublinear_tf': True, 'tfidf__ngram_range': (1, 2), 'tfidf__min_df': 5, 'tfidf__max_df': 0.7, 'clf__n_estimators': 50, 'clf__min_samples_split': 0.7000000000000001, 'clf__min_samples_leaf': 0.5, 'clf__max_features': 5, 'clf__max_depth': 18, 'clf__criterion': 'entropy', 'clf': RandomForestClassifier()}",-5.988001845869866,-5.984310106137517,-5.98522622345337,-5.984764542936288,-5.986611265004616,-5.985782796680332,0.0013509974795713842,1
38,16.411521768569948,0.08013846358757609,2.267537546157837,0.0549627839749853,True,"(1, 3)",10,0.6,200,0.30000000000000004,0.4,3,3,log_loss,RandomForestClassifier(),"{'tfidf__sublinear_tf': True, 'tfidf__ngram_range': (1, 3), 'tfidf__min_df': 10, 'tfidf__max_df': 0.6, 'clf__n_estimators': 200, 'clf__min_samples_split': 0.30000000000000004, 'clf__min_samples_leaf': 0.4, 'clf__max_features': 3, 'clf__max_depth': 3, 'clf__criterion': 'log_loss', 'clf': RandomForestClassifier()}",-5.988001845869866,-5.984310106137517,-5.98522622345337,-5.984764542936288,-5.986611265004616,-5.985782796680332,0.0013509974795713842,1
39,8.09307951927185,0.11724451527031456,1.6029853820800781,0.019375205639284677,True,"(1, 2)",50,0.6,500,0.5,0.5,3,9,gini,RandomForestClassifier(),"{'tfidf__sublinear_tf': True, 'tfidf__ngram_range': (1, 2), 'tfidf__min_df': 50, 'tfidf__max_df': 0.6, 'clf__n_estimators': 500, 'clf__min_samples_split': 0.5, 'clf__min_samples_leaf': 0.5, 'clf__max_features': 3, 'clf__max_depth': 9, 'clf__criterion': 'gini', 'clf': RandomForestClassifier()}",-5.988001845869866,-5.984310106137517,-5.98522622345337,-5.984764542936288,-5.986611265004616,-5.985782796680332,0.0013509974795713842,1
40,18.610719013214112,0.16728811511107397,4.226429176330567,0.08767797799273348,True,"(1, 3)",5,0.6,800,0.8,0.5,5,28,gini,RandomForestClassifier(),"{'tfidf__sublinear_tf': True, 'tfidf__ngram_range': (1, 3), 'tfidf__min_df': 5, 'tfidf__max_df': 0.6, 'clf__n_estimators': 800, 'clf__min_samples_split': 0.8, 'clf__min_samples_leaf': 0.5, 'clf__max_features': 5, 'clf__max_depth': 28, 'clf__criterion': 'gini', 'clf': RandomForestClassifier()}",-5.988001845869866,-5.984310106137517,-5.98522622345337,-5.984764542936288,-5.986611265004616,-5.985782796680332,0.0013509974795713842,1
41,8.164920330047607,0.0865764088105364,1.3451055049896241,0.023995721965115485,True,"(1, 2)",50,0.9,50,0.4,0.30000000000000004,1,14,entropy,RandomForestClassifier(),"{'tfidf__sublinear_tf': True, 'tfidf__ngram_range': (1, 2), 'tfidf__min_df': 50, 'tfidf__max_df': 0.9, 'clf__n_estimators': 50, 'clf__min_samples_split': 0.4, 'clf__min_samples_leaf': 0.30000000000000004, 'clf__max_features': 1, 'clf__max_depth': 14, 'clf__criterion': 'entropy', 'clf': RandomForestClassifier()}",-5.988001845869866,-5.984310106137517,-5.98522622345337,-5.984764542936288,-5.986611265004616,-5.985782796680332,0.0013509974795713842,1
42,9.503650188446045,0.08743349748381787,2.522095966339111,0.039111148081619404,True,"(1, 2)",25,0.8,900,1.0,0.1,6,11,log_loss,RandomForestClassifier(),"{'tfidf__sublinear_tf': True, 'tfidf__ngram_range': (1, 2), 'tfidf__min_df': 25, 'tfidf__max_df': 0.8, 'clf__n_estimators': 900, 'clf__min_samples_split': 1.0, 'clf__min_samples_leaf': 0.1, 'clf__max_features': 6, 'clf__max_depth': 11, 'clf__criterion': 'log_loss', 'clf': RandomForestClassifier()}",-5.988001845869866,-5.984310106137517,-5.98522622345337,-5.984764542936288,-5.986611265004616,-5.985782796680332,0.0013509974795713842,1
43,7.853966426849365,0.1580592135747178,1.5620421886444091,0.04028062436586583,True,"(1, 2)",25,0.8,200,0.5,0.30000000000000004,1,20,entropy,RandomForestClassifier(),"{'tfidf__sublinear_tf': True, 'tfidf__ngram_range': (1, 2), 'tfidf__min_df': 25, 'tfidf__max_df': 0.8, 'clf__n_estimators': 200, 'clf__min_samples_split': 0.5, 'clf__min_samples_leaf': 0.30000000000000004, 'clf__max_features': 1, 'clf__max_depth': 20, 'clf__criterion': 'entropy', 'clf': RandomForestClassifier()}",-5.988001845869866,-5.984310106137517,-5.98522622345337,-5.984764542936288,-5.986611265004616,-5.985782796680332,0.0013509974795713842,1
44,9.509963083267213,0.3326364896712407,3.5737170696258547,0.04336901928870697,True,"(1, 2)",5,0.9,1000,0.6,0.1,3,8,log_loss,RandomForestClassifier(),"{'tfidf__sublinear_tf': True, 'tfidf__ngram_range': (1, 2), 'tfidf__min_df': 5, 'tfidf__max_df': 0.9, 'clf__n_estimators': 1000, 'clf__min_samples_split': 0.6, 'clf__min_samples_leaf': 0.1, 'clf__max_features': 3, 'clf__max_depth': 8, 'clf__criterion': 'log_loss', 'clf': RandomForestClassifier()}",-5.988001845869866,-5.984310106137517,-5.98522622345337,-5.984764542936288,-5.986611265004616,-5.985782796680332,0.0013509974795713842,1
45,17.009707069396974,0.24738009829733706,3.2626019954681396,0.105198585844472,True,"(1, 3)",5,0.5,500,0.1,0.30000000000000004,5,4,entropy,RandomForestClassifier(),"{'tfidf__sublinear_tf': True, 'tfidf__ngram_range': (1, 3), 'tfidf__min_df': 5, 'tfidf__max_df': 0.5, 'clf__n_estimators': 500, 'clf__min_samples_split': 0.1, 'clf__min_samples_leaf': 0.30000000000000004, 'clf__max_features': 5, 'clf__max_depth': 4, 'clf__criterion': 'entropy', 'clf': RandomForestClassifier()}",-5.988001845869866,-5.984310106137517,-5.98522622345337,-5.984764542936288,-5.986611265004616,-5.985782796680332,0.0013509974795713842,1
46,8.624922561645509,0.09369380545015166,1.5123341083526611,0.044988371509472797,True,"(1, 2)",100,0.9,700,1.0,0.2,5,13,entropy,RandomForestClassifier(),"{'tfidf__sublinear_tf': True, 'tfidf__ngram_range': (1, 2), 'tfidf__min_df': 100, 'tfidf__max_df': 0.9, 'clf__n_estimators': 700, 'clf__min_samples_split': 1.0, 'clf__min_samples_leaf': 0.2, 'clf__max_features': 5, 'clf__max_depth': 13, 'clf__criterion': 'entropy', 'clf': RandomForestClassifier()}",-5.988001845869866,-5.984310106137517,-5.98522622345337,-5.984764542936288,-5.986611265004616,-5.985782796680332,0.0013509974795713842,1
47,16.786918687820435,0.20082975822438495,2.8729223251342773,0.18089815098104617,True,"(1, 3)",5,0.7,300,0.2,0.5,5,15,gini,RandomForestClassifier(),"{'tfidf__sublinear_tf': True, 'tfidf__ngram_range': (1, 3), 'tfidf__min_df': 5, 'tfidf__max_df': 0.7, 'clf__n_estimators': 300, 'clf__min_samples_split': 0.2, 'clf__min_samples_leaf': 0.5, 'clf__max_features': 5, 'clf__max_depth': 15, 'clf__criterion': 'gini', 'clf': RandomForestClassifier()}",-5.988001845869866,-5.984310106137517,-5.98522622345337,-5.984764542936288,-5.986611265004616,-5.985782796680332,0.0013509974795713842,1
48,7.575076150894165,0.0904116367526814,1.2846871852874755,0.01895456515675016,True,"(1, 2)",25,0.7,50,0.6,0.2,5,19,gini,RandomForestClassifier(),"{'tfidf__sublinear_tf': True, 'tfidf__ngram_range': (1, 2), 'tfidf__min_df': 25, 'tfidf__max_df': 0.7, 'clf__n_estimators': 50, 'clf__min_samples_split': 0.6, 'clf__min_samples_leaf': 0.2, 'clf__max_features': 5, 'clf__max_depth': 19, 'clf__criterion': 'gini', 'clf': RandomForestClassifier()}",-5.988001845869866,-5.984310106137517,-5.98522622345337,-5.984764542936288,-5.986611265004616,-5.985782796680332,0.0013509974795713842,1
49,16.278973388671876,0.14451003298895612,2.095374584197998,0.362597023615618,True,"(1, 3)",50,0.5,700,1.0,0.5,1,26,entropy,RandomForestClassifier(),"{'tfidf__sublinear_tf': True, 'tfidf__ngram_range': (1, 3), 'tfidf__min_df': 50, 'tfidf__max_df': 0.5, 'clf__n_estimators': 700, 'clf__min_samples_split': 1.0, 'clf__min_samples_leaf': 0.5, 'clf__max_features': 1, 'clf__max_depth': 26, 'clf__criterion': 'entropy', 'clf': RandomForestClassifier()}",-5.988001845869866,-5.984310106137517,-5.98522622345337,-5.984764542936288,-5.986611265004616,-5.985782796680332,0.0013509974795713842,1
